R4;piO:Simulado;piO:Modelado;piO:Diferen√ßa;piO:Porcentagem;
1;0,48389302;0,483889;0,00000402;0,0008307656; 
0,999;0,483684589;0,483702;0,000017411;0,0035995951;
0,998;0,483512925;0,483514;0,000001075;0,0002223309;
0,997;0,48331018;0,483326;0,00001582;0,0032732067;
0,996;0,483137147;0,483138;0,000000853;0,0001765543;
0,995;0,482950644;0,48295;0,000000644;0,000133347;
0,994;0,482751194;0,482761;0,000009806;0,0020312535;
0,993;0,482589945;0,482572;0,000017945;0,0037185469;
0,992;0,482373721;0,482383;0,000009279;0,0019235938;
0,991;0,482185234;0,482194;0,000008766;0,001817957;
0,99;0,482029411;0,482005;0,000024411;0,005064342;
0,989;0,48184706;0,481815;0,00003206;0,0066537848;
0,988;0,4816527;0,481625;0,0000277;0,0057511972;
0,987;0,481421757;0,481435;0,000013243;0,0027507726;
0,986;0,481253736;0,481244;0,000009736;0,0020230697;
0,985;0,481065058;0,481054;0,000011058;0,002298676;
0,984;0,480851434;0,480863;0,000011566;0,0024052878;
0,983;0,48066794;0,480672;0,00000406;0,0008446544;
0,982;0,480477224;0,48048;0,000002776;0,0005777572;
0,981;0,480285187;0,480289;0,000003813;0,0007939002;
0,98;0,480080352;0,480097;0,000016648;0,0034676927;
0,979;0,479903712;0,479905;0,000001288;0,0002683868;
0,978;0,479711343;0,479713;0,000001657;0,0003454155;
0,977;0,479559271;0,47952;0,000039271;0,0081893126;
0,976;0,479361009;0,479327;0,000034009;0,0070949046;
0,975;0,4791879;0,479134;0,0000539;0,0112488299;
0,974;0,478983778;0,478941;0,000042778;0,0089313902;
0,973;0,478728707;0,478747;0,000018293;0,0038210891;
0,972;0,478546695;0,478554;0,000007305;0,0015264852;
0,971;0,478354436;0,47836;0,000005564;0,0011631475;
0,97;0,478147078;0,478165;0,000017922;0,0037481488;
0,969;0,477952345;0,477971;0,000018655;0,0039030326;
0,968;0,477762352;0,477776;0,000013648;0,0028566096;
0,967;0,477585856;0,477581;0,000004856;0,0010167857;
0,966;0,477392843;0,477386;0,000006843;0,001433421;
0,965;0,477177358;0,477191;0,000013642;0,0028588542;
0,964;0,476981067;0,476995;0,000013933;0,0029210376;
0,963;0,476786192;0,476799;0,000012808;0,0026862833;
0,962;0,476610456;0,476603;0,000007456;0,0015643925;
0,961;0,476417173;0,476406;0,000011173;0,002345241;
0,96;0,476197296;0,47621;0,000012704;0,0026677662;
0,959;0,47600013;0,476013;0,00001287;0,0027037442;
0,958;0,475799291;0,475815;0,000015709;0,0033015477;
0,957;0,475601531;0,475618;0,000016469;0,0034627128;
0,956;0,475421003;0,47542;0,000001003;0,0002109711;
0,955;0,475206576;0,475222;0,000015424;0,0032456937;
0,954;0,475024398;0,475024;0,000000398;8,37852052275246E-005;
0,953;0,47480961;0,474826;0,00001639;0,0034518503;
0,952;0,474628972;0,474627;0,000001972;0,0004154833;
0,951;0,474412747;0,474428;0,000015253;0,0032150811;
0,95;0,474213243;0,474229;0,000015757;0,0033227116;
0,949;0,474032433;0,47403;0,000002433;0,0005132573;
0,948;0,473814827;0,47383;0,000015173;0,0032022546;
0,947;0,473632258;0,47363;0,000002258;0,0004767423;
0,946;0,473414426;0,47343;0,000015574;0,003289664;
0,945;0,473223385;0,473229;0,000005615;0,0011865362;
0,944;0,473009938;0,473029;0,000019062;0,0040298553;
0,943;0,472808708;0,472828;0,000019292;0,0040802139;
0,942;0,472621923;0,472627;0,000005077;0,0010742144;
0,941;0,472406703;0,472425;0,000018297;0,0038730707;
0,94;0,472217758;0,472223;0,000005242;0,0011100749;
0,939;0,472002665;0,472021;0,000018335;0,0038844365;
0,938;0,471815461;0,471819;0,000003539;0,0007500786;
0,937;0,471598602;0,471617;0,000018398;0,0039011229;
0,936;0,471409264;0,471414;0,000004736;0,0010046422;
0,935;0,471192539;0,471211;0,000018461;0,0039178546;
0,934;0,471004679;0,471008;0,000003321;0,0007050861;
0,933;0,470786354;0,470804;0,000017646;0,0037481268;
0,932;0,470582326;0,4706;0,000017674;0,0037557016;
0,931;0,470386467;0,470396;0,000009533;0,0020266109;
0,93;0,470225785;0,470192;0,000033785;0,0071851044;
0,929;0,469977054;0,469987;0,000009946;0,0021162511;
0,928;0,469810572;0,469782;0,000028572;0,006081785;
0,927;0,469568426;0,469577;0,000008574;0,0018259153;
0,926;0,469416533;0,469372;0,000044533;0,0094873336;
0,925;0,469156918;0,469166;0,000009082;0,0019357941;
0,924;0,469000142;0,46896;0,000040142;0,0085594255;
0,923;0,468746104;0,468754;0,000007896;0,0016844798;
0,922;0,468643759;0,468548;0,000095759;0,0204353056;
0,921;0,46833274;0,468341;0,00000826;0,0017636877;
0,92;0,468189148;0,468134;0,000055148;0,0117796938;
0,919;0,467919386;0,467927;0,000007614;0,0016271901;
0,918;0,467699602;0,46772;0,000020398;0,0043612513;
0,917;0,467491611;0,467512;0,000020389;0,0043612666;
0,916;0,46730655;0,467304;0,00000255;0,0005456818;
0,915;0,46707983;0,467095;0,00001517;0,0032477861;
0,914;0,466888845;0,466887;0,000001845;0,0003951698;
0,913;0,466661832;0,466678;0,000016168;0,0034645473;
0,912;0,466472712;0,466469;0,000003712;0,0007957625;
0,911;0,466244106;0,46626;0,000015894;0,0034088858;
0,91;0,466034355;0,46605;0,000015645;0,0033569923;
0,909;0,465825347;0,46584;0,000014653;0,0031455501;
0,908;0,465635231;0,46563;0,000005231;0,0011234179;
0,907;0,465404181;0,465419;0,000014819;0,0031840634;
0,906;0,46521629;0,465209;0,00000729;0,0015670253;
0,905;0,464983352;0,464998;0,000014648;0,0031501707;
0,904;0,464792631;0,464786;0,000006631;0,0014266679;
0,903;0,464560086;0,464575;0,000014914;0,0032102975;
0,902;0,46435942;0,464363;0,00000358;0,0007709516;
0,901;0,464132668;0,464151;0,000018332;0,0039496548;
0,9;0,463934502;0,463938;0,000003498;0,0007539829;
0,899;0,463707231;0,463726;0,000018769;0,0040475151;
0,898;0,463494965;0,463513;0,000018035;0,003891013;
0,897;0,463297213;0,4633;0,000002787;0,0006015559;
0,896;0,463067919;0,463086;0,000018081;0,0039045346;
0,895;0,462870833;0,462872;0,000001167;0,0002521219;
0,894;0,462640792;0,462658;0,000017208;0,0037194472;
0,893;0,462442598;0,462444;0,000001402;0,0003031723;
0,892;0,462211399;0,462229;0,000017601;0,0038079253;
0,891;0,462014842;0,462014;0,000000842;0,0001822454;
0,89;0,461782049;0,461799;0,000016951;0,003670712;
0,889;0,46158324;0,461584;0,00000076;0,0001646506;
0,888;0,461350521;0,461368;0,000017479;0,0037885877;
0,887;0,46117471;0,461152;0,00002271;0,0049245023;
0,886;0,460923618;0,460936;0,000012382;0,0026863092;
0,885;0,460740144;0,460719;0,000021144;0,0045892431;
0,884;0,460489737;0,460502;0,000012263;0,0026629989;
0,883;0,460273792;0,460285;0,000011208;0,0024350427;
0,882;0,460092947;0,460067;0,000025947;0,0056396717;
0,881;0,459838177;0,45985;0,000011823;0,0025710888;
0,88;0,459671889;0,459632;0,000039889;0,0086780879;
0,879;0,459403048;0,459413;0,000009952;0,002166266;
0,878;0,459228243;0,459195;0,000033243;0,0072391461;
0,877;0,45896443;0,458976;0,00001157;0,0025208607;
0,876;0,458834625;0,458756;0,000078625;0,0171372719;
0,875;0,458527233;0,458537;0,000009767;0,002130058;
0,874;0,458364763;0,458317;0,000047763;0,0104208466;
0,873;0,458104782;0,458097;0,000007782;0,0016987524;
0,872;0,457861639;0,457877;0,000015361;0,0033548874;
0,871;0,457663153;0,457656;0,000007153;0,0015629521;
0,87;0,457419633;0,457435;0,000015367;0,0033594408;
0,869;0,45722466;0,457214;0,00001066;0,002331485;
0,868;0,456977763;0,456992;0,000014237;0,0031154204;
0,867;0,456779124;0,45677;0,000009124;0,0019974843;
0,866;0,456560567;0,456548;0,000012567;0,0027525752;
0,865;0,456312036;0,456326;0,000013964;0,0030601398;
0,864;0,456114795;0,456103;0,000011795;0,0025860052;
0,863;0,455865684;0,45588;0,000014316;0,0031403494;
0,862;0,455673382;0,455657;0,000016382;0,0035951836;
0,861;0,455419765;0,455433;0,000013235;0,0029060679;
0,86;0,455195201;0,455209;0,000013799;0,0030314008;
0,859;0,454964815;0,454985;0,000020185;0,0044365084;
0,858;0,454754187;0,45476;0,000005813;0,0012782648;
0,857;0,454515151;0,454536;0,000020849;0,0045869806;
0,856;0,454303673;0,45431;0,000006327;0,0013926711;
0,855;0,454080209;0,454085;0,000004791;0,0010550944;
0,854;0,453839199;0,453859;0,000019801;0,0043629039;
0,853;0,45362776;0,453633;0,00000524;0,0011551255;
0,852;0,453387492;0,453407;0,000019508;0,0043026287;
0,851;0,453176006;0,45318;0,000003994;0,0008813314;
0,85;0,45294867;0,452953;0,00000433;0,0009559536;
0,849;0,45270689;0,452726;0,00001911;0,0042211853;
0,848;0,452495023;0,452498;0,000002977;0,0006579056;
0,847;0,45225116;0,452271;0,00001984;0,0043868466;
0,846;0,452038939;0,452042;0,000003061;0,0006771518;
0,845;0,451791485;0,451814;0,000022515;0,0049833695;
0,844;0,451574861;0,451585;0,000010139;0,0022452282;
0,843;0,45133327;0,451356;0,00002273;0,005036063;
0,842;0,451115584;0,451126;0,000010416;0,002308916;
0,841;0,450874621;0,450897;0,000022379;0,0049633409;
0,84;0,450656922;0,450667;0,000010078;0,002236266;
0,839;0,450413924;0,450436;0,000022076;0,0049011493;
0,838;0,450195316;0,450206;0,000010684;0,002373164;
0,837;0,449952822;0,449975;0,000022178;0,0049288397;
0,836;0,449734474;0,449743;0,000008526;0,0018957673;
0,835;0,449502364;0,449512;0,000009636;0,002143681;
0,834;0,449258214;0,44928;0,000021786;0,0048492095;
0,833;0,4490393;0,449047;0,0000077;0,0017147573;
0,832;0,448793055;0,448815;0,000021945;0,004889662;
0,831;0,448573384;0,448582;0,000008616;0,0019207375;
0,83;0,448349749;0,448349;0,000000749;0,0001670572;
0,829;0,448097121;0,448115;0,000017879;0,0039899036;
0,828;0,447881211;0,447881;0,000000211;4,71107169819462E-005;
0,827;0,44762884;0,447647;0,00001816;0,0040568502;
0,826;0,447415131;0,447413;0,000002131;0,0004762926;
0,825;0,447160291;0,447178;0,000017709;0,0039602464;
0,824;0,446944323;0,446943;0,000001323;0,0002960105;
0,823;0,446710572;0,446707;0,000003572;0,0007996261;
0,822;0,446454116;0,446472;0,000017884;0,0040057066;
0,821;0,446237771;0,446235;0,000002771;0,0006209713;
0,82;0,445981357;0,445999;0,000017643;0,0039559167;
0,819;0,445768592;0,445762;0,000006592;0,0014788051;
0,818;0,445508297;0,445525;0,000016703;0,0037491304;
0,817;0,445270369;0,445288;0,000017631;0,0039595383;
0,816;0,445043511;0,44505;0,000006489;0,0014580491;
0,815;0,444791377;0,444812;0,000020623;0,0046364482;
0,814;0,444566855;0,444573;0,000006145;0,0013822347;
0,813;0,444313925;0,444335;0,000021075;0,0047431555;
0,812;0,444091507;0,444096;0,000004493;0,0010117233;
0,811;0,443836001;0,443856;0,000019999;0,0045058421;
0,81;0,443595962;0,443617;0,000021038;0,0047424916;
0,809;0,443373502;0,443377;0,000003498;0,000788948;
0,808;0,443116116;0,443136;0,000019884;0,0044872107;
0,807;0,442875207;0,442895;0,000019793;0,0044691049;
0,806;0,442652366;0,442654;0,000001634;0,0003691377;
0,805;0,442393305;0,442413;0,000019695;0,0044518218;
0,804;0,442167775;0,442171;0,000003225;0,0007293585;
0,803;0,44190909;0,441929;0,00001991;0,0045053501;
0,802;0,441714662;0,441687;0,000027662;0,0062626099;
0,801;0,441429468;0,441444;0,000014532;0,003291978;
0,8;0,441186054;0,441201;0,000014946;0,003387629;
0,799;0,44100211;0,440957;0,00004511;0,0102294992;
0,798;0,440699623;0,440714;0,000014377;0,0032622595;
0,797;0,440502859;0,44047;0,000032859;0,0074597077;
0,796;0,440210711;0,440225;0,000014289;0,0032458929;
0,795;0,439955919;0,43998;0,000024081;0,0054733531;
0,794;0,439721825;0,439735;0,000013175;0,0029961675;
0,793;0,439465039;0,43949;0,000024961;0,0056796989;
0,792;0,4392301;0,439244;0,0000139;0,0031645782;
0,791;0,438984916;0,438998;0,000013084;0,002980468;
0,79;0,438726784;0,438751;0,000024216;0,005519456;
0,789;0,438491181;0,438504;0,000012819;0,0029233912;
0,788;0,438263341;0,438257;0,000006341;0,0014468575;
0,787;0,437991711;0,43801;0,000018289;0,0041755626;
0,786;0,437765947;0,437762;0,000003947;0,0009016274;
0,785;0,437495193;0,437513;0,000017807;0,0040701333;
0,784;0,437274669;0,437265;0,000009669;0,0022112204;
0,783;0,437024212;0,437016;0,000008212;0,0018790897;
0,782;0,436748738;0,436766;0,000017262;0,0039523088;
0,781;0,436529105;0,436517;0,000012105;0,0027730494;
0,78;0,43625002;0,436267;0,00001698;0,0038921877;
0,779;0,435999168;0,436016;0,000016832;0,0038604833;
0,778;0,435782958;0,435766;0,000016958;0,0038914624;
0,777;0,435498068;0,435515;0,000016932;0,0038878866;
0,776;0,435278224;0,435263;0,000015224;0,0034975943;
0,775;0,434994585;0,435011;0,000016415;0,003773539;
0,774;0,434736417;0,434759;0,000022583;0,005194507;
0,773;0,434498433;0,434507;0,000008567;0,0019716793;
0,772;0,43424391;0,434254;0,00001009;0,0023235519;
0,771;0,433978041;0,434001;0,000022959;0,0052902199;
0,77;0,433739499;0,433747;0,000007501;0,0017293641;
0,769;0,43347018;0,433493;0,00002282;0,0052643527;
0,768;0,433229932;0,433239;0,000009068;0,0020930929;
0,767;0,432961631;0,432984;0,000022369;0,0051663752;
0,766;0,432722121;0,432729;0,000006879;0,0015896912;
0,765;0,432465823;0,432474;0,000008177;0,0018907674;
0,764;0,432195718;0,432218;0,000022282;0,0051554018;
0,763;0,43195535;0,431962;0,00000665;0,0015394991;
0,762;0,431682759;0,431705;0,000022241;0,0051520304;
0,761;0,431441686;0,431448;0,000006314;0,0014634547;
0,76;0,431165843;0,431191;0,000025157;0,0058344756;
0,759;0,430907965;0,430933;0,000025035;0,0058096565;
0,758;0,43066115;0,430675;0,00001385;0,0032159338;
0,757;0,430403809;0,430417;0,000013191;0,0030647493;
0,756;0,430144563;0,430158;0,000013437;0,0031237847;
0,755;0,429887363;0,429899;0,000011637;0,0027069515;
0,754;0,42961483;0,42964;0,00002517;0,0058585647;
0,753;0,429355515;0,42938;0,000024485;0,0057025707;
0,752;0,429095049;0,429119;0,000023951;0,0055815912;
0,751;0,428847056;0,428859;0,000011944;0,0027851033;
0,75;0,428599969;0,428598;0,000001969;0,0004594038;
0,749;0,428337189;0,428337;0,000000189;4,41241261768181E-005;
0,748;0,428078024;0,428075;0,000003024;0,0007064158;
0,747;0,427815485;0,427813;0,000002485;0,0005808596;
0,746;0,427558601;0,42755;0,000008601;0,0020116743;
0,745;0,427292948;0,427287;0,000005948;0,0013920289;
0,744;0,427034645;0,427024;0,000010645;0,0024928031;
0,743;0,426741297;0,42676;0,000018703;0,004382653;
0,742;0,426473672;0,426496;0,000022328;0,0052353561;
0,741;0,426225576;0,426232;0,000006424;0,0015071718;
0,74;0,425944222;0,425967;0,000022778;0,0053475056;
0,739;0,425679694;0,425702;0,000022306;0,0052399529;
0,738;0,425431369;0,425436;0,000004631;0,0010885363;
0,737;0,425147703;0,42517;0,000022297;0,0052443928;
0,736;0,424881958;0,424904;0,000022042;0,0051876593;
0,735;0,424633935;0,424637;0,000003065;0,0007217956;
0,734;0,424347812;0,42437;0,000022188;0,005228593;
0,733;0,424080947;0,424102;0,000021053;0,0049642592;
0,732;0,423833444;0,423835;0,000001556;0,0003671247;
0,731;0,423563387;0,423566;0,000002613;0,0006169069;
0,73;0,423270255;0,423298;0,000027745;0,0065546989;
0,729;0,423067396;0,423028;0,000039396;0,0093124251;
0,728;0,422741034;0,422759;0,000017966;0,0042497929;
0,727;0,422472912;0,422489;0,000016088;0,0038079823;
0,726;0,422191434;0,422219;0,000027566;0,0065290524;
0,725;0,421921232;0,421948;0,000026768;0,0063441109;
0,724;0,421661268;0,421677;0,000015732;0,0037308873;
0,723;0,421389098;0,421405;0,000015902;0,0037736382;
0,722;0,421106947;0,421134;0,000027053;0,0064240524;
0,721;0,420834456;0,420861;0,000026544;0,0063072694;
0,72;0,420572962;0,420589;0,000016038;0,0038132965;
0,719;0,420321749;0,420315;0,000006749;0,0016056876;
0,718;0,420045881;0,420042;0,000003881;0,000923951;
0,717;0,419747538;0,419768;0,000020462;0,0048747162;
0,716;0,419503277;0,419494;0,000009277;0,0022114494;
0,715;0,419225774;0,419219;0,000006774;0,0016158488;
0,714;0,418923749;0,418944;0,000020251;0,0048339371;
0,713;0,418648728;0,418668;0,000019272;0,004603276;
0,712;0,41840375;0,418392;0,00001175;0,0028083317;
0,711;0,418096035;0,418116;0,000019965;0,0047751047;
0,71;0,41782027;0,417839;0,00001873;0,0044826883;
0,709;0,417580923;0,417562;0,000018923;0,0045316794;
0,708;0,417265018;0,417284;0,000018982;0,0045490438;
0,707;0,416980994;0,417006;0,000025006;0,0059967362;
0,706;0,41671639;0,416728;0,00001161;0,0027860287;
0,705;0,416423438;0,416449;0,000025562;0,0061382749;
0,704;0,416144682;0,41617;0,000025318;0,0060837567;
0,703;0,415879522;0,41589;0,000010478;0,0025194479;
0,702;0,415584619;0,41561;0,000025381;0,0061071136;
0,701;0,415317995;0,415329;0,000011005;0,0026497417;
0,7;0,415023693;0,415049;0,000025307;0,0060975383;
0,699;0,414757146;0,414767;0,000009854;0,0023758199;
0,698;0,414460054;0,414485;0,000024946;0,0060187343;
0,697;0,414192402;0,414203;0,000010598;0,0025586815;
0,696;0,413895784;0,41392;0,000024216;0,005850577;
0,695;0,413629474;0,413637;0,000007526;0,0018194863;
0,694;0,41332886;0,413354;0,00002514;0,0060821389;
0,693;0,41306102;0,41307;0,00000898;0,0021739893;
0,692;0,412757915;0,412786;0,000028085;0,006803999;
0,691;0,41247291;0,412501;0,00002809;0,0068099123;
0,69;0,412198533;0,412216;0,000017467;0,0042374314;
0,689;0,411902486;0,41193;0,000027514;0,0066795132;
0,688;0,411628052;0,411644;0,000015948;0,0038742965;
0,687;0,411329658;0,411357;0,000027342;0,0066470022;
0,686;0,411053891;0,41107;0,000016109;0,0039188741;
0,685;0,410755748;0,410783;0,000027252;0,0066343797;
0,684;0,410479822;0,410495;0,000015178;0,0036975555;
0,683;0,410179328;0,410207;0,000027672;0,00674609;
0,682;0,409902454;0,409918;0,000015546;0,0037925377;
0,681;0,409601894;0,409629;0,000027106;0,0066174262;
0,68;0,409312205;0,40934;0,000027795;0,0067904294;
0,679;0,409034193;0,40905;0,000015807;0,0038643944;
0,678;0,408735898;0,408759;0,000023102;0,0056519007;
0,677;0,408468377;0,408468;0,000000377;0,000092296;
0,676;0,408153276;0,408177;0,000023724;0,0058123533;
0,675;0,407883687;0,407885;0,000001313;0,000321905;
0,674;0,407569471;0,407593;0,000023529;0,0057728369;
0,673;0,40730408;0,4073;0,00000408;0,0010017136;
0,672;0,407015059;0,407007;0,000008059;0,0019800446;
0,671;0,406690405;0,406713;0,000022595;0,0055556689;
0,67;0,406424822;0,406419;0,000005822;0,0014325015;
0,669;0,406102495;0,406125;0,000022505;0,0055415509;
0,668;0,405844136;0,40583;0,000014136;0,0034831712;
0,667;0,40551173;0,405534;0,00002227;0,0054916755;
0,666;0,405248809;0,405239;0,000009809;0,0024205176;
0,665;0,404932521;0,404942;0,000009479;0,0023408565;
0,664;0,404619276;0,404645;0,000025724;0,0063573794;
0,663;0,404337213;0,404348;0,000010787;0,0026677871;
0,662;0,404024912;0,404051;0,000026088;0,0064568191;
0,661;0,403744146;0,403752;0,000007854;0,0019452724;
0,66;0,403427626;0,403454;0,000026374;0,0065372662;
0,659;0,403145596;0,403155;0,000009404;0,0023326288;
0,658;0,402829537;0,402855;0,000025463;0,0063208362;
0,657;0,402549207;0,402555;0,000005793;0,0014390684;
0,656;0,402228834;0,402255;0,000026166;0,0065050406;
0,655;0,401945505;0,401954;0,000008495;0,0021134482;
0,654;0,401626881;0,401652;0,000025119;0,0062541169;
0,653;0,401345617;0,40135;0,000004383;0,0010920702;
0,652;0,40102239;0,401048;0,00002561;0,0063859732;
0,651;0,400739315;0,400745;0,000005685;0,0014186179;
0,65;0,400421756;0,400442;0,000020244;0,0050555416;
0,649;0,400108038;0,400138;0,000029962;0,007488197;
0,648;0,399813362;0,399834;0,000020638;0,0051617753;
0,647;0,399498805;0,399529;0,000030195;0,0075579347;
0,646;0,399204491;0,399224;0,000019509;0,0048868497;
0,645;0,398888339;0,398918;0,000029661;0,0074356391;
0,644;0,398592016;0,398612;0,000019984;0,0050135222;
0,643;0,398275226;0,398306;0,000030774;0,007726519;
0,642;0,397979566;0,397999;0,000019434;0,0048830461;
0,641;0,397660969;0,397691;0,000030031;0,0075516252;
0,64;0,397363075;0,397383;0,000019925;0,0050141802;
0,639;0,397044017;0,397074;0,000029983;0,0075512706;
0,638;0,39674661;0,396765;0,00001839;0,0046350929;
0,637;0,396425911;0,396456;0,000030089;0,0075897809;
0,636;0,396126384;0,396146;0,000019616;0,0049518323;
0,635;0,395805024;0,395835;0,000029976;0,0075731391;
0,634;0,395550256;0,395524;0,000026256;0,0066380621;
0,633;0,39518847;0,395213;0,00002453;0,0062069723;
0,632;0,394914998;0,394901;0,000013998;0,0035446231;
0,631;0,394564455;0,394588;0,000023545;0,0059671613;
0,63;0,394242987;0,394275;0,000032013;0,0081197894;
0,629;0,393937784;0,393962;0,000024216;0,0061469747;
0,628;0,39361527;0,393648;0,00003273;0,0083148805;
0,627;0,393310379;0,393333;0,000022621;0,0057512719;
0,626;0,39298617;0,393018;0,00003183;0,0080991937;
0,625;0,392678977;0,392703;0,000024023;0,0061175328;
0,624;0,39235445;0,392387;0,00003255;0,0082957259;
0,623;0,392047515;0,39207;0,000022485;0,0057351097;
0,622;0,391721355;0,391753;0,000031645;0,0080781202;
0,621;0,391412876;0,391436;0,000023124;0,0059076536;
0,62;0,391085565;0,391118;0,000032435;0,0082932376;
0,619;0,390769639;0,390799;0,000029361;0,0075133516;
0,618;0,390450275;0,39048;0,000029725;0,0076127155;
0,617;0,390143963;0,390161;0,000017037;0,0043667542;
0,616;0,389826086;0,389841;0,000014914;0,0038257354;
0,615;0,389490544;0,38952;0,000029456;0,0075624137;
0,614;0,389183483;0,389199;0,000015517;0,0039869859;
0,613;0,388863486;0,388878;0,000014514;0,0037323456;
0,612;0,388540253;0,388556;0,000015747;0,0040527798;
0,611;0,38820383;0,388233;0,00002917;0,0075138115;
0,61;0,387880452;0,38791;0,000029548;0,0076175209;
0,609;0,387572354;0,387586;0,000013646;0,003520829;
0,608;0,38723003;0,387262;0,00003197;0,0082557338;
0,607;0,386909839;0,386937;0,000027161;0,0070197353;
0,606;0,386606975;0,386612;0,000005025;0,0012997612;
0,605;0,386258413;0,386286;0,000027587;0,0071418548;
0,604;0,385952276;0,38596;0,000007724;0,0020012637;
0,603;0,385610728;0,385633;0,000022272;0,0057756061;
0,602;0,385273428;0,385306;0,000032572;0,0084538981;
0,601;0,38495468;0,384978;0,00002332;0,0060576725;
0,6;0,384616835;0,38465;0,000033165;0,0086224957;
0,599;0,384298861;0,384321;0,000022139;0,005760715;
0,598;0,383958793;0,383991;0,000032207;0,0083877879;
0,597;0,383638736;0,383661;0,000022264;0,005803208;
0,596;0,383297909;0,383331;0,000033091;0,0086328599;
0,595;0,382978029;0,383;0,000021971;0,0057367181;
0,594;0,382635537;0,382668;0,000032463;0,0084836927;
0,593;0,382313953;0,382336;0,000022047;0,0057665602;
0,592;0,381970386;0,382003;0,000032614;0,0085379938;
0,591;0,381648847;0,38167;0,000021153;0,0055423759;
0,59;0,381303751;0,381336;0,000032249;0,0084572041;
0,589;0,380979875;0,381002;0,000022125;0,0058072247;
0,588;0,380634277;0,380667;0,000032723;0,0085965966;
0,587;0,380304875;0,380331;0,000026125;0,0068692526;
0,586;0,379960585;0,379995;0,000034415;0,0090571083;
0,585;0,379631938;0,379659;0,000027062;0,0071282294;
0,584;0,379286663;0,379322;0,000035337;0,0093162659;
0,583;0,378957993;0,378984;0,000026007;0,0068625304;
0,582;0,378619172;0,378646;0,000026828;0,0070854969;
0,581;0,378272119;0,378307;0,000034881;0,0092207144;
0,58;0,377942016;0,377968;0,000025984;0,0068748924;
0,579;0,377593183;0,377628;0,000034817;0,0092203452;
0,578;0,377260994;0,377287;0,000026006;0,0068931334;
0,577;0,376911448;0,376946;0,000034552;0,0091667198;
0,576;0,376579428;0,376605;0,000025572;0,0067903687;
0,575;0,376228056;0,376263;0,000034944;0,0092875522;
0,574;0,375894184;0,37592;0,000025816;0,0068676544;
0,573;0,375541767;0,375577;0,000035233;0,0093814724;
0,572;0,37521532;0,375233;0,00001768;0,0047118501;
0,571;0,374856652;0,374888;0,000031348;0,0083623137;
0,57;0,374525844;0,374543;0,000017156;0,0045806204;
0,569;0,374165683;0,374198;0,000032317;0,0086367099;
0,568;0,373835099;0,373852;0,000016901;0,0045208751;
0,567;0,373473278;0,373505;0,000031722;0,0084934197;
0,566;0,373140958;0,373158;0,000017042;0,0045670706;
0,565;0,372777747;0,37281;0,000032253;0,008651698;
0,564;0,372446259;0,372461;0,000014741;0,0039578081;
0,563;0,372080668;0,372112;0,000031332;0,0084204001;
0,562;0,371746455;0,371763;0,000016545;0,004450515;
0,561;0,371380409;0,371412;0,000031591;0,0085060105;
0,56;0,371049259;0,371062;0,000012741;0,0034337169;
0,559;0,370678506;0,37071;0,000031494;0,0084959504;
0,558;0,370343068;0,370358;0,000014932;0,0040318559;
0,557;0,369973838;0,370006;0,000032162;0,0086926693;
0,556;0,369628864;0,369652;0,000023136;0,0062590556;
0,555;0,369264219;0,369299;0,000034781;0,0094185573;
0,554;0,368920132;0,368944;0,000023868;0,0064694837;
0,553;0,368554618;0,368589;0,000034382;0,00932844;
0,552;0,368210879;0,368234;0,000023121;0,006279085;
0,551;0,367843171;0,367878;0,000034829;0,0094679891;
0,55;0,367497639;0,367521;0,000023361;0,0063565735;
0,549;0,367128636;0,367163;0,000034364;0,0093597689;
0,548;0,366783051;0,366805;0,000021949;0,0059840124;
0,547;0,366412469;0,366447;0,000034531;0,0094236348;
0,546;0,366064879;0,366088;0,000023121;0,006315894;
0,545;0,365707094;0,365728;0,000020906;0,0057164334;
0,544;0,365333264;0,365367;0,000033736;0,009233882;
0,543;0,36498467;0,365006;0,00002133;0,0058439103;
0,542;0,364610268;0,364645;0,000034732;0,009525334;
0,541;0,364254463;0,364283;0,000028537;0,0078340515;
0,54;0,363882763;0,36392;0,000037237;0,0102327174;
0,539;0,363527459;0,363556;0,000028541;0,0078508181;
0,538;0,36315484;0,363192;0,00003716;0,0102320263;
0,537;0,362799438;0,362827;0,000027562;0,0075967464;
0,536;0,362425017;0,362462;0,000036983;0,010203797;
0,535;0,362067552;0,362096;0,000028448;0,0078567887;
0,534;0,361692128;0,361729;0,000036872;0,0101937858;
0,533;0,361334812;0,361362;0,000027188;0,0075240404;
0,532;0,360957185;0,360994;0,000036815;0,0101987505;
0,531;0,360597643;0,360626;0,000028357;0,0078635803;
0,53;0,360219204;0,360256;0,000036796;0,0102143696;
0,529;0,35985939;0,359887;0,00002761;0,0076721469;
0,528;0,359488653;0,359516;0,000027347;0,0076069049;
0,527;0,359108093;0,359145;0,000036907;0,0102768788;
0,526;0,358741644;0,358773;0,000031356;0,00874017;
0,525;0,35836203;0,358401;0,00003897;0,0108738867;
0,524;0,357995794;0,358028;0,000032206;0,0089957904;
0,523;0,357615122;0,357655;0,000039878;0,0111504727;
0,522;0,357248427;0,35728;0,000031573;0,0088374371;
0,521;0,356866107;0,356905;0,000038893;0,0108978914;
0,52;0,356497764;0,35653;0,000032236;0,0090420041;
0,519;0,356122097;0,356153;0,000030903;0,0086772653;
0,518;0,355737424;0,355777;0,000039576;0,0111244407;
0,517;0,355367335;0,355399;0,000031665;0,0089101012;
0,516;0,354981368;0,355021;0,000039632;0,0111639064;
0,515;0,354610561;0,354642;0,000031439;0,0088653892;
0,514;0,354223195;0,354262;0,000038805;0,0109543573;
0,513;0,353842774;0,353882;0,000039226;0,0110851002;
0,512;0,353477227;0,353501;0,000023773;0,0067252425;
0,511;0,353083155;0,35312;0,000036845;0,0104346744;
0,51;0,352712398;0,352738;0,000025602;0,0072583416;
0,509;0,352317569;0,352355;0,000037431;0,0106236575;
0,508;0,351948135;0,351971;0,000022865;0,0064964849;
0,507;0,351550308;0,351587;0,000036692;0,0104366529;
0,506;0,351178089;0,351202;0,000023911;0,0068085643;
0,505;0,35077946;0,350817;0,00003754;0,0107013083;
0,504;0,350408322;0,35043;0,000021678;0,0061863055;
0,503;0,350020021;0,350043;0,000022979;0,0065648375;
0,502;0,349632297;0,349656;0,000023703;0,0067791782;
0,501;0,349230489;0,349267;0,000036511;0,0104541535;
0,5;0,348857611;0,348879;0,000021389;0,0061309668;
0,499;0,34846641;0,348489;0,00002259;0,0064824807;
0,498;0,348061479;0,348099;0,000037521;0,0107794111;
0,497;0,347677898;0,347707;0,000029102;0,0083700408;
0,496;0,347276412;0,347316;0,000039588;0,0113989152;
0,495;0,34689351;0,346923;0,00002949;0,0085008066;
0,494;0,346490596;0,34653;0,000039404;0,0113716678;
0,493;0,346107061;0,346136;0,000028939;0,0083609361;
0,492;0,345702542;0,345742;0,000039458;0,0114132075;
0,491;0,345316731;0,345347;0,000030269;0,0087651917;
0,49;0,344911042;0,344951;0,000039958;0,0115843451;
0,489;0,344524916;0,344554;0,000029084;0,0084414134;
0,488;0,344117231;0,344157;0,000039769;0,0115561496;
0,487;0,343729111;0,343759;0,000029889;0,0086951322;
0,486;0,343320031;0,34336;0,000039969;0,0116412297;
0,485;0,342920957;0,34296;0,000039043;0,0113847745;
0,484;0,342531204;0,34256;0,000028796;0,008406472;
0,483;0,342119562;0,342159;0,000039438;0,0115268846;
0,482;0,341777146;0,341758;0,000019146;0,0056020528;
0,481;0,341318601;0,341355;0,000036399;0,0106636612;
0,48;0,340949798;0,340952;0,000002202;0,0006458408;
0,479;0,340511311;0,340548;0,000036689;0,0107740984;
0,478;0,340100775;0,340144;0,000043225;0,0127086606;
0,477;0,339702184;0,339738;0,000035816;0,0105427971;
0,476;0,339289209;0,339332;0,000042791;0,012611159;
0,475;0,338888953;0,338926;0,000037047;0,0109313021;
0,474;0,338475172;0,338518;0,000042828;0,0126524171;
0,473;0,338073796;0,33811;0,000036204;0,0107083311;
0,472;0,337657709;0,337701;0,000043291;0,0128201501;
0,471;0,337254646;0,337291;0,000036354;0,010778811;
0,47;0,336837747;0,336881;0,000043253;0,0128400761;
0,469;0,336433684;0,33647;0,000036316;0,0107938182;
0,468;0,336014346;0,336058;0,000043654;0,0129908633;
0,467;0,335608287;0,335645;0,000036713;0,0109386429;
0,466;0,335208456;0,335232;0,000023544;0,0070234425;
0,465;0,334778044;0,334817;0,000038956;0,0116356895;
0,464;0,334377275;0,334403;0,000025725;0,0076931097;
0,463;0,3339469;0,333987;0,0000401;0,0120071762;
0,462;0,333549275;0,33357;0,000020725;0,0062132817;
0,461;0,33311357;0,333153;0,00003943;0,0118361034;
0,46;0,332712541;0,332735;0,000022459;0,0067500437;
0,459;0,332276418;0,332316;0,000039582;0,0119116616;
0,458;0,331878851;0,331897;0,000018149;0,0054684123;
0,457;0,331437054;0,331477;0,000039946;0,0120516377;
0,456;0,331034247;0,331056;0,000021753;0,0065710075;
0,455;0,330593734;0,330634;0,000040266;0,0121791625;
0,454;0,330198856;0,330211;0,000012144;0,0036777162;
0,453;0,329748046;0,329788;0,000039954;0,0121157897;
0,452;0,329346424;0,329363;0,000016576;0,0050328717;
0,451;0,328898474;0,328939;0,000040526;0,0123209764;
0,45;0,328468937;0,328513;0,000044063;0,013413763;
0,449;0,328050988;0,328086;0,000035012;0,0106721616;
0,448;0,327614809;0,327659;0,000044191;0,0134877968;
0,447;0,327194633;0,327231;0,000036367;0,0111141735;
0,446;0,326757948;0,326802;0,000044052;0,0134806302;
0,445;0,326337072;0,326372;0,000034928;0,0107024711;
0,444;0,325897464;0,325942;0,000044536;0,0136647142;
0,443;0,325474713;0,32551;0,000035287;0,0108411148;
0,442;0,32503422;0,325078;0,00004378;0,013468444;
0,441;0,324610434;0,324645;0,000034566;0,0106478893;
0,44;0,324167181;0,324212;0,000044819;0,0138249349;
0,439;0,323741583;0,323777;0,000035417;0,0109392999;
0,438;0,323297442;0,323342;0,000044558;0,0137814049;
0,437;0,322870909;0,322906;0,000035091;0,0108678398;
0,436;0,322423965;0,322469;0,000045035;0,0139666588;
0,435;0,321995348;0,322031;0,000035652;0,0110715967;
0,434;0,321545806;0,321592;0,000046194;0,014365195;
0,433;0,321113195;0,321153;0,000039805;0,0123951721;
0,432;0,320665788;0,320712;0,000046212;0,0144102278;
0,431;0,320231085;0,320271;0,000039915;0,0124636597;
0,43;0,319782897;0,319829;0,000046103;0,0144159295;
0,429;0,319346977;0,319387;0,000040023;0,0125319778;
0,428;0,318903023;0,318943;0,000039977;0,0125350002;
0,427;0,318459292;0,318499;0,000039708;0,0124680063;
0,426;0,318006555;0,318053;0,000046445;0,0146039784;
0,425;0,317560687;0,317607;0,000046313;0,0145829207;
0,424;0,31712113;0,31716;0,00003887;0,0122563949;
0,423;0,316665524;0,316712;0,000046476;0,0146756076;
0,422;0,316224129;0,316264;0,000039871;0,0126076675;
0,421;0,315769281;0,315814;0,000044719;0,0141609195;
0,42;0,315329388;0,315364;0,000034612;0,0109758563;
0,419;0,314867246;0,314913;0,000045754;0,0145301477;
0,418;0,314427921;0,314461;0,000033079;0,0105198228;
0,417;0,313962494;0,314008;0,000045506;0,0144930376;
0,416;0,313520639;0,313554;0,000033361;0,0106402007;
0,415;0,313053682;0,313099;0,000045318;0,0144750638;
0,414;0,312612028;0,312644;0,000031972;0,0102268506;
0,413;0,312141938;0,312187;0,000045062;0,0144353392;
0,412;0,311697084;0,31173;0,000032916;0,0105596952;
0,411;0,311225919;0,311272;0,000046081;0,0148051901;
0,41;0,310782195;0,310813;0,000030805;0,0099115953;
0,409;0,310307273;0,310353;0,000045727;0,0147349531;
0,408;0,309860732;0,309892;0,000031268;0,0100904759;
0,407;0,309384272;0,30943;0,000045728;0,0147792325;
0,406;0,308928005;0,308967;0,000038995;0,0126218855;
0,405;0,308456164;0,308504;0,000047836;0,015506998;
0,404;0,307999378;0,30804;0,000040622;0,013188118;
0,403;0,307526228;0,307574;0,000047772;0,0155330783;
0,402;0,307069159;0,307108;0,000038841;0,0126481421;
0,401;0,306593002;0,306641;0,000047998;0,015654057;
0,4;0,306133259;0,306173;0,000039741;0,012980759;
0,399;0,305655696;0,305704;0,000048304;0,0158021539;
0,398;0,305195359;0,305234;0,000038641;0,0126602692;
0,397;0,30471532;0,304764;0,00004868;0,015974291;
0,396;0,304252345;0,304292;0,000039655;0,0130327396;
0,395;0,303770886;0,303819;0,000048114;0,0158376567;
0,394;0,303307755;0,303346;0,000038245;0,0126085101;
0,393;0,302823067;0,302872;0,000048933;0,0161576353;
0,392;0,302357335;0,302396;0,000038665;0,0127870316;
0,391;0,301871209;0,30192;0,000048791;0,016161547;
0,39;0,301391313;0,301443;0,000051687;0,0171479954;
0,389;0,300918532;0,300965;0,000046468;0,0154408611;
0,388;0,300433811;0,300486;0,000052189;0,0173697053;
0,387;0,299959032;0,300006;0,000046968;0,0156569125;
0,386;0,299472896;0,299525;0,000052104;0,0173970561;
0,385;0,298996568;0,299043;0,000046432;0,0155280695;
0,384;0,29850783;0,29856;0,00005217;0,0174754014;
0,383;0,298029251;0,298076;0,000046749;0,015684814;
0,382;0,297539329;0,297591;0,000051671;0,0173645998;
0,381;0,297059242;0,297106;0,000046758;0,015739056;
0,38;0,296566634;0,296619;0,000052366;0,0176558558;
0,379;0,296084189;0,296131;0,000046811;0,0158087806;
0,378;0,295590461;0,295643;0,000052539;0,0177726747;
0,377;0,295106616;0,295153;0,000046384;0,0157164742;
0,376;0,294610017;0,294663;0,000052983;0,0179824966;
0,375;0,294124033;0,294171;0,000046967;0,0159671584;
0,374;0,293644607;0,293679;0,000034393;0,0117117717;
0,373;0,293135659;0,293185;0,000049341;0,016830722;
0,372;0,29265504;0,292691;0,00003596;0,0122867492;
0,371;0,292145276;0,292195;0,000049724;0,0170188508;
0,37;0,291667472;0,291699;0,000031528;0,010808986;
0,369;0,291151576;0,291201;0,000049424;0,0169739096;
0,368;0,290669592;0,290703;0,000033408;0,0114928018;
0,367;0,290153274;0,290203;0,000049726;0,0171363703;
0,366;0,289679902;0,289703;0,000023098;0,0079733109;
0,365;0,289151736;0,289202;0,000050264;0,0173817499;
0,364;0,28867026;0,288699;0,00002874;0,0099555006;
0,363;0,288145352;0,288196;0,000050648;0,0175756953;
0,362;0,287636498;0,287691;0,000054502;0,0189464262;
0,361;0,28713574;0,287186;0,00005026;0,0175023846;
0,36;0,286628753;0,286679;0,000050247;0,0175288053;
0,359;0,286118291;0,286172;0,000053709;0,0187698449;
0,358;0,285616749;0,285663;0,000046251;0,016192067;
0,357;0,285099828;0,285154;0,000054172;0,0189992587;
0,356;0,284595958;0,284643;0,000047042;0,0165280325;
0,355;0,284077677;0,284132;0,000054323;0,0191207585;
0,354;0,283572477;0,283619;0,000046523;0,0164046894;
0,353;0,283050877;0,283105;0,000054123;0,0191194695;
0,352;0,28254303;0,28259;0,00004697;0,0166226349;
0,351;0,282020326;0,282075;0,000054674;0,0193846669;
0,35;0,281510966;0,281558;0,000047034;0,0167063017;
0,349;0,280985278;0,28104;0,000054722;0,0194731455;
0,348;0,280473517;0,280521;0,000047483;0,0169281512;
0,347;0,279946315;0,280001;0,000054685;0,0195321947;
0,346;0,27943345;0,27948;0,00004655;0,0166573197;
0,345;0,27890271;0,278958;0,00005529;0,0198221524;
0,344;0,278378123;0,278434;0,000055877;0,0200703245;
0,343;0,277859314;0,27791;0,000050686;0,0182399419;
0,342;0,277328062;0,277385;0,000056938;0,0205288117;
0,341;0,276806789;0,276858;0,000051211;0,0184989188;
0,34;0,276274099;0,276331;0,000056901;0,0205937296;
0,339;0,275750878;0,275802;0,000051122;0,0185374792;
0,338;0,275215376;0,275272;0,000056624;0,0205723155;
0,337;0,27468994;0,274742;0,00005206;0,0189504818;
0,336;0,274152644;0,27421;0,000057356;0,0209190034;
0,335;0,273625163;0,273677;0,000051837;0,0189427353;
0,334;0,273085186;0,273142;0,000056814;0,0208023333;
0,333;0,272555265;0,272607;0,000051735;0,0189796702;
0,332;0,272013618;0,272071;0,000057382;0,0210930426;
0,331;0,271481934;0,271533;0,000051066;0,0188083225;
0,33;0,27093727;0,270995;0,00005773;0,0213052454;
0,329;0,270402903;0,270455;0,000052097;0,0192645794;
0,328;0,26985834;0,269914;0,00005566;0,0206235095;
0,327;0,269328114;0,269373;0,000044886;0,0166645284;
0,326;0,268772989;0,268829;0,000056011;0,0208373485;
0,325;0,268239899;0,268285;0,000045101;0,0168122673;
0,324;0,267683463;0,26774;0,000056537;0,0211186113;
0,323;0,267150656;0,267193;0,000042344;0,0158489764;
0,322;0,266588996;0,266646;0,000057004;0,0213804422;
0,321;0,266052602;0,266097;0,000044398;0,0166862851;
0,32;0,265490313;0,265547;0,000056687;0,0213495356;
0,319;0,264956292;0,264996;0,000039708;0,0149854999;
0,318;0,26438669;0,264444;0,00005731;0,0216742338;
0,317;0,263833366;0,26389;0,000056634;0,0214635181;
0,316;0,263274832;0,263336;0,000061168;0,0232308172;
0,315;0,262722557;0,26278;0,000057443;0,0218621201;
0,314;0,262187464;0,262223;0,000035536;0,0135527425;
0,313;0,261605819;0,261665;0,000059181;0,0226196447;
0,312;0,261053973;0,261106;0,000052027;0,0199276094;
0,311;0,26048567;0,260545;0,00005933;0,0227740912;
0,31;0,259931287;0,259983;0,000051713;0,0198928944;
0,309;0,259361053;0,259421;0,000059947;0,0231106684;
0,308;0,258804776;0,258857;0,000052224;0,0201768809;
0,307;0,258231316;0,258291;0,000059684;0,0231099405;
0,306;0,257672133;0,257725;0,000052867;0,020515054;
0,305;0,25709718;0,257157;0,00005982;0,0232647599;
0,304;0,25653726;0,256588;0,00005074;0,0197768475;
0,303;0,255957725;0,256018;0,000060275;0,0235460382;
0,302;0,255394759;0,255447;0,000052241;0,020452909;
0,301;0,254813832;0,254874;0,000060168;0,0236097455;
0,3;0,254249236;0,2543;0,000050764;0,019964242;
0,299;0,253664697;0,253725;0,000060303;0,0237698954;
0,298;0,253097104;0,253149;0,000051896;0,0205022812;
0,297;0,252508495;0,252572;0,000063505;0,0251464868;
0,296;0,251933581;0,251993;0,000059419;0,0235824036;
0,295;0,251349396;0,251413;0,000063604;0,0253018127;
0,294;0,250771931;0,250832;0,000060069;0,0239507692;
0,293;0,250185539;0,250249;0,000063461;0,0253623581;
0,292;0,24960571;0,249665;0,00005929;0,0237506422;
0,291;0,249016378;0,24908;0,000063622;0,0255460601;
0,29;0,248434029;0,248494;0,000059971;0,0241366945;
0,289;0,247842407;0,247907;0,000064593;0,0260587301;
0,288;0,247257681;0,247318;0,000060319;0,0243922224;
0,287;0,246663039;0,246728;0,000064961;0,0263324604;
0,286;0,246075518;0,246136;0,000060482;0,0245756134;
0,285;0,245478815;0,245543;0,000064185;0,0261434413;
0,284;0,244888828;0,244949;0,000060172;0,0245681311;
0,283;0,244289131;0,244354;0,000064869;0,0265506648;
0,282;0,243696644;0,243758;0,000061356;0,0251740344;
0,281;0,243112913;0,24316;0,000047087;0,019366491;
0,28;0,242497437;0,24256;0,000062563;0,0257961203;
0,279;0,241909912;0,24196;0,000050088;0,0207030852;
0,278;0,241294535;0,241358;0,000063465;0,0262984219;
0,277;0,240688204;0,240755;0,000066796;0,0277482367;
0,276;0,240086905;0,24015;0,000063095;0,0262766145;
0,275;0,239500581;0,239544;0,000043419;0,0181273317;
0,274;0,238873326;0,238937;0,000063674;0,0266524169;
0,273;0,238261612;0,238329;0,000067388;0,0282791974;
0,272;0,237654896;0,237719;0,000064104;0,0269699285;
0,271;0,23704014;0,237108;0,00006786;0,0286239655;
0,27;0,236430604;0,236495;0,000064396;0,027233036;
0,269;0,235813461;0,235881;0,000067539;0,0286367577;
0,268;0,235201407;0,235266;0,000064593;0,0274590754;
0,267;0,234581111;0,234649;0,000067889;0,0289363357;
0,266;0,233966256;0,234031;0,000064744;0,0276685383;
0,265;0,233344514;0,233412;0,000067486;0,028917004;
0,264;0,232728595;0,232791;0,000062405;0,0268109015;
0,263;0,232101058;0,232169;0,000067942;0,02926831;
0,262;0,231482286;0,231545;0,000062714;0,0270886844;
0,261;0,230852361;0,23092;0,000067639;0,029295387;
0,26;0,230231208;0,230294;0,000062792;0,0272697342;
0,259;0,229597729;0,229666;0,000068271;0,02973063;
0,258;0,228973374;0,229037;0,000063626;0,0277836502;
0,257;0,228337812;0,228406;0,000068188;0,0298583137;
0,256;0,227711129;0,227774;0,000062871;0,0276061702;
0,255;0,227071831;0,227141;0,000069169;0,0304566473;
0,254;0,226437029;0,226506;0,000068971;0,0304546027;
0,253;0,225806559;0,225869;0,000062441;0,027648607;
0,252;0,225162443;0,225232;0,000069557;0,0308871484;
0,251;0,224528871;0,224592;0,000063129;0,028112254;
0,25;0,223881371;0,223952;0,000070629;0,0315425355;
0,249;0,223242775;0,22331;0,000067225;0,0301084234;
0,248;0,222595243;0,222666;0,000070757;0,0317822407;
0,247;0,221953676;0,222021;0,000067324;0,0303278559;
0,246;0,22130348;0,221374;0,00007052;0,0318606675;
0,245;0,220659289;0,220726;0,000066711;0,0302280124;
0,244;0,220005626;0,220077;0,000071374;0,0324366361;
0,243;0,219358098;0,219426;0,000067902;0,0309500733;
0,242;0,218701993;0,218774;0,000072007;0,0329192921;
0,241;0,21805192;0,21812;0,00006808;0,0312170485;
0,24;0,217392174;0,217464;0,000071826;0,0330343706;
0,239;0,216738917;0,216807;0,000068083;0,0314075153;
0,238;0,216076581;0,216149;0,000072419;0,0335098167;
0,237;0,215420618;0,215489;0,000068382;0,0317384422;
0,236;0,214754668;0,214827;0,000072332;0,0336755525;
0,235;0,214095479;0,214164;0,000068521;0,0319997587;
0,234;0,213428043;0,2135;0,000071957;0,0337091935;
0,233;0,21277165;0,212834;0,00006235;0,0292994231;
0,232;0,212093734;0,212166;0,000072266;0,0340668672;
0,231;0,211433557;0,211497;0,000063443;0,0300016156;
0,23;0,210753703;0,210826;0,000072297;0,0342981408;
0,229;0,210095587;0,210154;0,000058413;0,0277991945;
0,228;0,209407126;0,20948;0,000072874;0,0347940987;
0,227;0,208743125;0,208805;0,000061875;0,0296373023;
0,226;0,208054515;0,208128;0,000073485;0,0353138334;
0,225;0,207373329;0,207449;0,000075671;0,0364835713;
0,224;0,206695247;0,206769;0,000073753;0,0356756361;
0,223;0,206010976;0,206087;0,000076024;0,0368960803;
0,222;0,205330085;0,205404;0,000073915;0,0359916563;
0,221;0,204642403;0,204719;0,000076597;0,0374226781;
0,22;0,203957897;0,204032;0,000074103;0,0363258995;
0,219;0,203267221;0,203344;0,000076779;0,0377653129;
0,218;0,202578654;0,202654;0,000075346;0,0371865393;
0,217;0,201892181;0,201963;0,000070819;0,0350714827;
0,216;0,201193645;0,20127;0,000076355;0,0379437999;
0,215;0,200503575;0,200575;0,000071425;0,0356164624;
0,214;0,199802417;0,199879;0,000076583;0,0383220219;
0,213;0,199109755;0,199181;0,000071245;0,0357753722;
0,212;0,198404282;0,198481;0,000076718;0,0386600378;
0,211;0,197707985;0,19778;0,000072015;0,0364182998;
0,21;0,196999767;0,197077;0,000077233;0,0391969314;
0,209;0,196301206;0,196372;0,000070794;0,036057464;
0,208;0,195588322;0,195666;0,000077678;0,0397071652;
0,207;0,194885634;0,194958;0,000072366;0,0371256543;
0,206;0,194170386;0,194248;0,000077614;0,0399641226;
0,205;0,193465557;0,193537;0,000071443;0,0369212031;
0,204;0,192745396;0,192824;0,000078604;0,0407729456;
0,203;0,192036592;0,192109;0,000072408;0,0376982069;
0,202;0,191315129;0,191392;0,000076871;0,0401722331;
0,201;0,190594075;0,190674;0,000079925;0,0419258812;
0,2;0,189876367;0,189954;0,000077633;0,0408777216;
0,199;0,189151981;0,189232;0,000080019;0,0422951309;
0,198;0,188431206;0,188509;0,000077794;0,0412765732;
0,197;0,187703053;0,187784;0,000080947;0,0431157343;
0,196;0,186978475;0,187057;0,000078525;0,0419879959;
0,195;0,186246951;0,186328;0,000081049;0,0435074874;
0,194;0,185518999;0,185598;0,000079001;0,0425747137;
0,193;0,184783952;0,184865;0,000081048;0,0438513349;
0,192;0,184052219;0,184131;0,000078781;0,0427944545;
0,191;0,18331366;0,183396;0,00008234;0,0449074617;
0,19;0,182578597;0,182658;0,000079403;0,0434803087;
0,189;0,181836375;0,181919;0,000082625;0,045428882;
0,188;0,181097603;0,181177;0,000079397;0,0438324958;
0,187;0,18035172;0,180434;0,00008228;0,0456115613;
0,186;0,179608149;0,17969;0,000081851;0,045561604;
0,185;0,178859336;0,178943;0,000083664;0,0467654856;
0,184;0,178112519;0,178195;0,000082481;0,0462976477;
0,183;0,177360089;0,177444;0,000083911;0,0472999058;
0,182;0,176609715;0,176692;0,000082285;0,0465805834;
0,181;0,17585359;0,175938;0,00008441;0,0479886401;
0,18;0,17509933;0,175182;0,00008267;0,047202059;
0,179;0,17433952;0,174425;0,00008548;0,0490187477;
0,178;0,173581808;0,173665;0,000083192;0,0479151993;
0,177;0,172818101;0,172903;0,000084899;0,0491141557;
0,176;0,172056399;0,17214;0,000083601;0,0485774983;
0,175;0,171288996;0,171375;0,000086004;0,0501972784;
0,174;0,170523621;0,170608;0,000084379;0,0494700548;
0,173;0,169752413;0,169839;0,000086587;0,0509948112;
0,172;0,168983109;0,169068;0,000084891;0,0502237666;
0,171;0,168208053;0,168295;0,000086947;0,0516767971;
0,17;0,167433523;0,16752;0,000086477;0,0516352234;
0,169;0,166659525;0,166743;0,000083475;0,0500746058;
0,168;0,165877545;0,165965;0,000087455;0,0527087327;
0,167;0,165099468;0,165184;0,000084532;0,0511875454;
0,166;0,164313914;0,164401;0,000087086;0,052985731;
0,165;0,163532104;0,163617;0,000084896;0,0519004937;
0,164;0,162742289;0,16283;0,000087711;0,0538811213;
0,163;0,161956342;0,162042;0,000085658;0,0528755792;
0,162;0,161162873;0,161251;0,000088127;0,0546670025;
0,161;0,160373299;0,160459;0,000085701;0,0534241722;
0,16;0,159575319;0,159664;0,000088681;0,0555576928;
0,159;0,158781557;0,158868;0,000086443;0,054426646;
0,158;0,157979875;0,158069;0,000089125;0,0563995047;
0,157;0,157182466;0,157268;0,000085534;0,0544022091;
0,156;0,156376216;0,156466;0,000089784;0,057398903;
0,155;0,15557445;0,155661;0,00008655;0,0556170578;
0,154;0,154763949;0,154855;0,000091051;0,0588148757;
0,153;0,153956927;0,154046;0,000089073;0,0578390607;
0,152;0,153143896;0,153235;0,000091104;0,0594714592;
0,151;0,152332572;0,152422;0,000089428;0,0586885371;
0,15;0,151515639;0,151607;0,000091361;0,0602798922;
0,149;0,150700295;0,15079;0,000089705;0,0595077198;
0,148;0,149878931;0,149971;0,000092069;0,0614100525;
0,147;0,149059286;0,14915;0,000090714;0,0608391517;
0,146;0,148233911;0,148326;0,000092089;0,0621048204;
0,145;0,147410197;0,147501;0,000090803;0,0615798931;
0,144;0,146580289;0,146673;0,000092711;0,0632292994;
0,143;0,145752258;0,145844;0,000091742;0,0629239899;
0,142;0,144918242;0,145012;0,000093758;0,0646762472;
0,141;0,144086029;0,144178;0,000091971;0,0638102508;
0,14;0,143247468;0,143342;0,000094532;0,0659703238;
0,139;0,142410714;0,142503;0,000092286;0,0647817184;
0,138;0,141568604;0,141663;0,000094396;0,0666564032;
0,137;0,14072452;0,14082;0,00009548;0,0678258629;
0,136;0,139880342;0,139975;0,000094658;0,0676478064;
0,135;0,139040139;0,139128;0,000087861;0,0631711456;
0,134;0,138183467;0,138279;0,000095533;0,0691110088;
0,133;0,137330537;0,137427;0,000096463;0,0702168181;
0,132;0,136477491;0,136573;0,000095509;0,0699570249;
0,131;0,135620156;0,135717;0,000096844;0,0713827781;
0,13;0,134762713;0,134859;0,000096287;0,0714237729;
0,129;0,133900852;0,133998;0,000097148;0,07252588;
0,128;0,133038785;0,133136;0,000097215;0,0730459874;
0,127;0,132172406;0,13227;0,000097594;0,0738111572;
0,126;0,131305888;0,131403;0,000097112;0,0739312634;
0,125;0,130434897;0,130533;0,000098103;0,0751839603;
0,124;0,129563657;0,129662;0,000098343;0,075874434;
0,123;0,128688104;0,128787;0,000098896;0,0768198544;
0,122;0,127811838;0,127911;0,000099162;0,0775542777;
0,121;0,126935039;0,127032;0,000096961;0,0763571528;
0,12;0,126051051;0,126151;0,000099949;0,0792610525;
0,119;0,125169413;0,125267;0,000097587;0,0779335551;
0,118;0,124280999;0,124381;0,000100001;0,0804312685;
0,117;0,123395158;0,123493;0,000097842;0,0792601806;
0,116;0,122501349;0,122602;0,000100651;0,0821294368;
0,115;0,121610315;0,121709;0,000098685;0,0811156319;
0,114;0,120712261;0,120813;0,000100739;0,0834190176;
0,113;0,119817085;0,119916;0,000098915;0,082520942;
0,112;0,118913462;0,119015;0,000101538;0,0853517054;
0,111;0,118012946;0,118112;0,000099054;0,0838996486;
0,11;0,117105053;0,117207;0,000101947;0,0870181441;
0,109;0,116200774;0,1163;0,000099226;0,0853554148;
0,108;0,115286749;0,11539;0,000103251;0,0895200756;
0,107;0,11437699;0,114477;0,00010001;0,0874007047;
0,106;0,113459176;0,113562;0,000102824;0,0905853822;
0,105;0,112540419;0,112645;0,000104581;0,0928843443;
0,104;0,111621057;0,111725;0,000103943;0,0930779808;
0,103;0,110697348;0,110802;0,000104652;0,0944941833;
0,102;0,109773081;0,109877;0,000103919;0,0946223189;
0,101;0,10884427;0,10895;0,00010573;0,0970916269;
0,1;0,107914845;0,10802;0,000105155;0,0973951193;
0,099;0,106980984;0,107087;0,000106016;0,0990489078;
0,098;0,106046526;0,106152;0,000105474;0,0994106811;
0,097;0,105107526;0,105214;0,000106474;0,1012487899;
0,096;0,104167818;0,104274;0,000106182;0,1018816675;
0,095;0,103223699;0,103331;0,000107301;0,1038959661;
0,094;0,102278835;0,102386;0,000107165;0,1047224356;
0,093;0,101329536;0,101437;0,000107464;0,1059977668;
0,092;0,100379327;0,100487;0,000107673;0,1072086114;
0,091;0,099424809;0,099533;0,000108191;0,1087577316;
0,09;0,098468959;0,098577;0,000108041;0,1096607112;
0,089;0,097509986;0,097619;0,000109014;0,1117353216;
0,088;0,096548349;0,096657;0,000108651;0,1124720413;
0,087;0,09558346;0,095694;0,00011054;0,1155807903;
0,086;0,094617105;0,094727;0,000109895;0,1160796635;
0,085;0,093646806;0,093757;0,000110194;0,1176005999;
0,084;0,092674959;0,092785;0,000110041;0,1186682027;
0,083;0,091699281;0,091811;0,000111719;0,1217577559;
0,082;0,090722017;0,090833;0,000110983;0,1222582574;
0,081;0,089740855;0,089853;0,000112145;0,1248873465;
0,08;0,088758025;0,08887;0,000111975;0,1260780781;
0,079;0,087771369;0,087884;0,000112631;0,1282408851;
0,078;0,086783031;0,086895;0,000111969;0,1289385875;
0,077;0,0857908;0,085904;0,0001132;0,1318618852;
0,076;0,084796791;0,08491;0,000113209;0,1334171713;
0,075;0,083798987;0,083913;0,000114013;0,1359628516;
0,074;0,082799944;0,082913;0,000113056;0,1364480013;
0,073;0,081796051;0,081911;0,000114949;0,1404325584;
0,072;0,080791036;0,080905;0,000113964;0,140960784;
0,071;0,079781492;0,079897;0,000115508;0,144675715;
0,07;0,078770901;0,078886;0,000115099;0,1460120036;
0,069;0,077755499;0,077871;0,000115501;0,1484335903;
0,068;0,076738957;0,076854;0,000115043;0,1498024418;
0,067;0,075717865;0,075835;0,000117135;0,1545797237;
0,066;0,07469564;0,074812;0,00011636;0,1556575972;
0,065;0,073668556;0,073786;0,000117444;0,1592951797;
0,064;0,072640278;0,072757;0,000116722;0,1605559631;
0,063;0,071607423;0,071726;0,000118577;0,1654561756;
0,062;0,070573421;0,070691;0,000117579;0,1664665443;
0,061;0,069534404;0,069653;0,000118596;0,170411972;
0,06;0,068494233;0,068613;0,000118767;0,1732468775;
0,059;0,067449695;0,067569;0,000119305;0,1767236752;
0,058;0,0664022;0,066522;0,0001198;0,1802531067;
0,057;0,0653525;0,065473;0,0001205;0,1842148511;
0,056;0,064299337;0,06442;0,000120663;0,1874823205;
0,055;0,063242727;0,063364;0,000121273;0,1915743387;
0,054;0,062183443;0,062305;0,000121557;0,1952904174;
0,053;0,061121048;0,061243;0,000121952;0,1993265211;
0,052;0,060055907;0,060178;0,000122093;0,2030924604;
0,051;0,058986917;0,05911;0,000123083;0,2084440528;
0,05;0,057915551;0,058038;0,000122449;0,2112035361;
0,049;0,056840259;0,056964;0,000123741;0,2174628631;
0,048;0,055762507;0,055886;0,000123493;0,2212174678;
0,047;0,054680933;0,054805;0,000124067;0,2266355076;
0,046;0,053596848;0,053721;0,000124152;0,2313725113;
0,045;0,052508851;0,052634;0,000125149;0,238055177;
0,044;0,051418286;0,051543;0,000124714;0,2422541614;
0,043;0,050323877;0,05045;0,000126123;0,2503089169;
0,042;0,049226462;0,049353;0,000126538;0,2567228456;
0,041;0,048126003;0,048253;0,000126997;0,2635366543;
0,04;0,047021959;0,047149;0,000127041;0,2698092944;
0,039;0,045914913;0,046042;0,000127087;0,2764055379;
0,038;0,044804297;0,044932;0,000127703;0,2846183858;
0,037;0,043690615;0,043819;0,000128385;0,293419186;
0,036;0,042573338;0,042702;0,000128662;0,3017566462;
0,035;0,041452958;0,041582;0,000129042;0,3108136696;
0,034;0,040329094;0,040458;0,000128906;0,3191252306;
0,033;0,039201728;0,039332;0,000130272;0,3317606417;
0,032;0,038071082;0,038201;0,000129918;0,3406698666;
0,031;0,036937029;0,037068;0,000130971;0,3539516213;
0,03;0,035799634;0,035931;0,000131366;0,3662758648;
0,029;0,034658609;0,03479;0,000131391;0,3783833885;
0,028;0,033514299;0,033646;0,000131701;0,3921989686;
0,027;0,032366339;0,032499;0,000132661;0,4090350935;
0,026;0,031215038;0,031348;0,000132962;0,4250496915;
0,025;0,030060451;0,030193;0,000132549;0,4399714798;
0,024;0,02890204;0,029035;0,00013296;0,4589809904;
0,023;0,027739852;0,027874;0,000134148;0,4824265724;
0,022;0,026574329;0,026709;0,000134671;0,5054901881;
0,021;0,025405315;0,02554;0,000134685;0,5287434183;
0,02;0,024232634;0,024368;0,000135366;0,5570544615;
0,019;0,023056418;0,023192;0,000135582;0,5863205959;
0,018;0,021876521;0,022013;0,000136479;0,621920663;
0,017;0,020693041;0,02083;0,000136959;0,6596771176;
0,016;0,019505853;0,019643;0,000137147;0,7006437711;
0,015;0,01831504;0,018453;0,00013796;0,7504343446;
0,014;0,017120497;0,017259;0,000138503;0,8057302293;
0,013;0,015922284;0,016061;0,000138716;0,8674281228;
0,012;0,014720315;0,014859;0,000138685;0,9377161033;
0,011;0,013514625;0,013654;0,000139375;1,0259996595;
0,01;0,012305188;0,012445;0,000139812;1,1297853576;
0,009;0,011091943;0,011232;0,000140057;1,2547693747;
0,008;0,00987493;0,010016;0,00014107;1,4184354377;
0,007;0,008654086;0,008795;0,000140914;1,6151447703;
0,006;0,007429428;0,007571;0,000141572;1,8875728079;
0,005;0,006200911;0,006343;0,000142089;2,2654656909;
0,004;0,004968536;0,005111;0,000142464;2,8267967891;
0,003;0,003732272;0,003875;0,000142728;3,7524095366;
0,002;0,002492109;0,002636;0,000143891;5,6118541942;
0,001;0,001248024;0,001392;0,000143976;10,9071735711;
